{
  "project_info": {
    "project_number": "689332155639",
    "firebase_url": "https://myapplication-f9911.firebaseio.com",
    "project_id": "myapplication-f9911",
    "storage_bucket": "myapplication-f9911.appspot.com"
  },
  "client": [
    {
      "client_info": {
        "mobilesdk_app_id": "1:689332155639:android:4bc3034d74b03cf3",
        "android_client_info": {
          "package_name": "com.example.parrot.androidfirebase"
        }
      },
      "oauth_client": [
        {
          "client_id": "689332155639-1tv5456pil2n8ed0eht1ntn3pp8t8dbt.apps.googleusercontent.com",
          "client_type": 3
        }
      ],
      "api_key": [
        {
          "current_key": "AIzaSyA9KB2n3jmIq_FJ_Rr_HMbffzfiO1qbgQ0"
        }
      ],
      "services": {
        "analytics_service": {
          "status": 1
        },
        "appinvite_service": {
          "status": 1,
          "other_platform_oauth_client": []
        },
        "ads_service": {
          "status": 2
        }
      }
    },
    {
      "client_info": {
        "mobilesdk_app_id": "1:689332155639:android:80d5b8c8dbf3c6ee",
        "android_client_info": {
          "package_name": "com.example.santoshtekulapally.myapplication"
        }
      },
      "oauth_client": [
        {
          "client_id": "689332155639-3nksd9j9lauqo77ai2kj9kn9fkgh8ls8.apps.googleusercontent.com",
          "client_type": 1,
          "android_info": {
            "package_name": "com.example.santoshtekulapally.myapplication",
            "certificate_hash": "778b1581ee5121069b01c4904249c2b64a4b67cf"
          }
        },
        {
          "client_id": "689332155639-1tv5456pil2n8ed0eht1ntn3pp8t8dbt.apps.googleusercontent.com",
          "client_type": 3
        }
      ],
      "api_key": [
        {
          "current_key": "AIzaSyA9KB2n3jmIq_FJ_Rr_HMbffzfiO1qbgQ0"
        }
      ],
      "services": {
        "analytics_service": {
          "status": 1
        },
        "appinvite_service": {
          "status": 2,
          "other_platform_oauth_client": [
            {
              "client_id": "689332155639-1tv5456pil2n8ed0eht1ntn3pp8t8dbt.apps.googleusercontent.com",
              "client_type": 3
            }
          ]
        },
        "ads_service": {
          "status": 2
        }
      }
    },
    {
      "client_info": {
        "mobilesdk_app_id": "1:689332155639:android:2583ac78ca0fa5ad",
        "android_client_info": {
          "package_name": "com.example.sukhrana.rockpaperandroidproject"
        }
      },
      "oauth_client": [
        {
          "client_id": "689332155639-1dmehjemqe5usuh79e5krh4i393is89r.apps.googleusercontent.com",
          "client_type": 1,
          "android_info": {
            "package_name": "com.example.sukhrana.rockpaperandroidproject",
            "certificate_hash": "778b1581ee5121069b01c4904249c2b64a4b67cf"
          }
        },
        {
          "client_id": "689332155639-1tv5456pil2n8ed0eht1ntn3pp8t8dbt.apps.googleusercontent.com",
          "client_type": 3
        }
      ],
      "api_key": [
        {
          "current_key": "AIzaSyA9KB2n3jmIq_FJ_Rr_HMbffzfiO1qbgQ0"
        }
      ],
      "services": {
        "analytics_service": {
          "status": 1
        },
        "appinvite_service": {
          "status": 2,
          "other_platform_oauth_client": [
            {
              "client_id": "689332155639-1tv5456pil2n8ed0eht1ntn3pp8t8dbt.apps.googleusercontent.com",
              "client_type": 3
            }
          ]
        },
        "ads_service": {
          "status": 2
        }
      }
    }
  ],
  "configuration_version": "1"
}